chr	windowStartPos	AH
chr1	7340032	['denisova_mse']
chr1	9961472	['denisova_mse']
chr1	10485760	['denisova_mse']
chr1	17825792	['vindija_spe', 'chagyrskaya_spe', 'altai_spe']
chr1	28311552	['denisova_spe', 'denisova_mse']
chr1	30932992	['chagyrskaya_mse']
chr1	38273024	['denisova_spe', 'denisova_mse']
chr1	38797312	['denisova_mse']
chr1	53477376	['vindija_mse', 'chagyrskaya_mse']
chr1	56623104	['denisova_spe', 'denisova_mse']
chr1	60817408	['denisova_mse']
chr1	66584576	['vindija_spe', 'chagyrskaya_spe', 'altai_spe', 'denisova_spe', 'vindija_mse', 'chagyrskaya_mse', 'altai_mse', 'denisova_mse']
chr1	67108864	['vindija_spe', 'chagyrskaya_spe', 'altai_spe', 'denisova_spe', 'vindija_mse', 'chagyrskaya_mse', 'altai_mse', 'denisova_mse']
chr1	73400320	['vindija_spe', 'chagyrskaya_spe', 'altai_spe']
chr1	73924608	['vindija_spe', 'chagyrskaya_spe', 'altai_spe', 'vindija_mse', 'chagyrskaya_mse', 'altai_mse']
chr1	81264640	['denisova_spe', 'denisova_mse']
chr1	81788928	['denisova_spe']
chr1	89128960	['denisova_mse']
chr1	89653248	['denisova_spe', 'denisova_mse']
chr1	91750400	['denisova_mse']
chr1	98566144	['chagyrskaya_spe', 'altai_spe']
chr1	100139008	['vindija_spe', 'vindija_mse', 'chagyrskaya_mse']
chr1	106954752	['denisova_spe', 'denisova_mse']
chr1	119013376	['denisova_spe', 'denisova_mse']
chr1	149946368	['denisova_spe', 'denisova_mse']
chr1	150470656	['denisova_mse']
chr1	155713536	['chagyrskaya_spe', 'altai_spe', 'chagyrskaya_mse', 'altai_mse']
chr1	156237824	['chagyrskaya_spe', 'altai_spe', 'chagyrskaya_mse', 'altai_mse']
chr1	158334976	['chagyrskaya_spe', 'chagyrskaya_mse']
chr1	158859264	['chagyrskaya_spe', 'chagyrskaya_mse']
chr1	175112192	['vindija_spe', 'chagyrskaya_spe', 'altai_spe', 'denisova_spe', 'vindija_mse', 'chagyrskaya_mse', 'denisova_mse']
chr1	179306496	['denisova_mse']
chr1	193986560	['vindija_spe', 'vindija_mse']
chr1	199229440	['denisova_spe']
chr1	199753728	['denisova_spe', 'denisova_mse']
chr1	204472320	['denisova_mse']
chr1	212336640	['vindija_spe', 'chagyrskaya_spe', 'altai_spe', 'vindija_mse', 'chagyrskaya_mse', 'altai_mse', 'denisova_mse']
chr1	212860928	['vindija_spe', 'chagyrskaya_spe', 'altai_spe', 'vindija_mse', 'chagyrskaya_mse', 'altai_mse']
chr1	213385216	['altai_spe']
chr1	219676672	['vindija_spe', 'chagyrskaya_spe', 'altai_spe', 'denisova_spe', 'vindija_mse', 'chagyrskaya_mse', 'altai_mse', 'denisova_mse']
chr1	220200960	['vindija_spe', 'chagyrskaya_spe', 'altai_spe', 'denisova_spe', 'vindija_mse', 'chagyrskaya_mse', 'altai_mse', 'denisova_mse']
chr1	233308160	['vindija_spe', 'vindija_mse']
chr1	233832448	['vindija_spe', 'vindija_mse']
chr10	3145728	['vindija_mse', 'altai_mse']
chr10	11010048	['denisova_spe', 'denisova_mse']
chr10	21495808	['denisova_spe', 'denisova_mse']
chr10	30932992	['denisova_spe']
chr10	35127296	['denisova_mse']
chr10	61865984	['vindija_spe', 'vindija_mse', 'chagyrskaya_mse', 'altai_mse']
chr10	62390272	['vindija_spe', 'chagyrskaya_spe', 'altai_spe', 'denisova_spe', 'vindija_mse', 'chagyrskaya_mse', 'altai_mse', 'denisova_mse']
chr10	71303168	['vindija_mse', 'altai_mse']
chr10	74973184	['vindija_mse']
chr10	81788928	['chagyrskaya_spe', 'chagyrskaya_mse']
chr10	82313216	['chagyrskaya_spe']
chr10	83886080	['altai_spe']
chr10	84410368	['altai_spe', 'altai_mse']
chr10	86507520	['chagyrskaya_spe']
chr10	87031808	['vindija_spe', 'chagyrskaya_spe', 'altai_spe']
chr10	91750400	['denisova_mse']
chr10	92274688	['denisova_mse']
chr10	105381888	['vindija_mse', 'chagyrskaya_mse', 'altai_mse']
chr10	105906176	['vindija_mse', 'chagyrskaya_mse']
chr10	119537664	['vindija_spe', 'altai_spe', 'vindija_mse', 'chagyrskaya_mse', 'altai_mse', 'denisova_mse']
chr10	120061952	['vindija_mse', 'chagyrskaya_mse', 'altai_mse']
chr10	126353408	['altai_mse']
chr10	128974848	['denisova_spe', 'denisova_mse']
chr11	6291456	['vindija_mse', 'chagyrskaya_mse']
chr11	6815744	['vindija_spe', 'vindija_mse', 'chagyrskaya_mse']
chr11	9437184	['vindija_spe', 'vindija_mse']
chr11	9961472	['vindija_mse']
chr11	17301504	['vindija_spe', 'chagyrskaya_spe', 'altai_spe', 'denisova_spe', 'vindija_mse', 'chagyrskaya_mse', 'altai_mse', 'denisova_mse']
chr11	17825792	['vindija_spe', 'chagyrskaya_spe', 'altai_spe', 'denisova_spe', 'vindija_mse', 'chagyrskaya_mse', 'altai_mse', 'denisova_mse']
chr11	19398656	['denisova_spe', 'denisova_mse']
chr11	22544384	['denisova_spe', 'denisova_mse']
chr11	39845888	['denisova_mse']
chr11	58195968	['vindija_spe', 'vindija_mse']
chr11	58720256	['vindija_spe', 'vindija_mse']
chr11	70254592	['denisova_spe', 'denisova_mse']
chr11	72351744	['vindija_spe', 'chagyrskaya_spe', 'altai_spe', 'denisova_spe', 'vindija_mse', 'chagyrskaya_mse', 'altai_mse', 'denisova_mse']
chr11	72876032	['vindija_spe', 'chagyrskaya_spe', 'altai_spe', 'denisova_spe', 'vindija_mse', 'chagyrskaya_mse', 'altai_mse', 'denisova_mse']
chr11	74973184	['denisova_spe', 'denisova_mse']
chr11	75497472	['denisova_spe', 'denisova_mse']
chr11	77070336	['vindija_mse', 'chagyrskaya_mse']
chr11	81788928	['altai_spe', 'denisova_spe', 'denisova_mse']
chr11	82313216	['vindija_spe', 'altai_spe', 'denisova_spe']
chr11	96468992	['vindija_spe', 'chagyrskaya_spe']
chr11	102760448	['vindija_spe', 'chagyrskaya_spe', 'vindija_mse', 'chagyrskaya_mse']
chr11	103284736	['vindija_spe', 'chagyrskaya_spe', 'denisova_spe']
chr11	112197632	['vindija_spe', 'chagyrskaya_spe', 'altai_spe', 'denisova_spe']
chr11	112721920	['chagyrskaya_spe', 'altai_spe']
chr11	115343360	['vindija_spe', 'chagyrskaya_spe', 'altai_spe', 'vindija_mse', 'chagyrskaya_mse', 'altai_mse']
chr11	115867648	['vindija_spe', 'chagyrskaya_spe', 'altai_spe', 'vindija_mse', 'chagyrskaya_mse', 'altai_mse']
chr11	126353408	['denisova_spe', 'denisova_mse']
chr11	126877696	['denisova_spe', 'denisova_mse']
chr11	132120576	['denisova_spe', 'denisova_mse']
chr11	132644864	['denisova_mse']
chr12	27787264	['altai_spe']
chr12	44564480	['denisova_spe']
chr12	56623104	['chagyrskaya_mse']
chr12	59768832	['vindija_spe', 'chagyrskaya_spe', 'altai_spe', 'vindija_mse', 'chagyrskaya_mse', 'altai_mse']
chr12	89653248	['altai_spe', 'altai_mse']
chr12	90177536	['altai_spe', 'altai_mse']
chr12	98566144	['chagyrskaya_spe', 'altai_spe', 'vindija_mse', 'chagyrskaya_mse', 'altai_mse']
chr12	112721920	['vindija_spe', 'chagyrskaya_spe', 'altai_spe', 'denisova_spe', 'vindija_mse', 'chagyrskaya_mse', 'altai_mse', 'denisova_mse']
chr12	113246208	['vindija_spe', 'chagyrskaya_spe', 'denisova_spe', 'vindija_mse', 'chagyrskaya_mse', 'altai_mse', 'denisova_mse']
chr12	116916224	['vindija_mse', 'chagyrskaya_mse']
chr13	21495808	['denisova_mse']
chr13	24641536	['vindija_spe', 'altai_spe', 'vindija_mse', 'chagyrskaya_mse', 'altai_mse']
chr13	28311552	['denisova_mse']
chr13	36175872	['altai_spe', 'altai_mse']
chr13	38797312	['vindija_spe', 'vindija_mse']
chr13	39321600	['vindija_spe', 'vindija_mse']
chr13	40370176	['denisova_spe']
chr13	41418752	['vindija_spe', 'chagyrskaya_spe', 'altai_spe', 'denisova_spe', 'vindija_mse', 'chagyrskaya_mse', 'altai_mse', 'denisova_mse']
chr13	41943040	['vindija_spe', 'chagyrskaya_spe', 'altai_spe', 'denisova_spe', 'vindija_mse', 'chagyrskaya_mse', 'altai_mse', 'denisova_mse']
chr13	49283072	['altai_spe', 'denisova_spe', 'altai_mse']
chr13	88080384	['vindija_spe', 'vindija_mse']
chr13	88604672	['vindija_spe', 'vindija_mse']
chr13	92798976	['vindija_spe', 'chagyrskaya_spe', 'altai_spe']
chr13	93323264	['vindija_spe', 'chagyrskaya_spe', 'altai_spe']
chr13	100663296	['chagyrskaya_spe', 'vindija_mse', 'chagyrskaya_mse']
chr13	107479040	['vindija_spe', 'chagyrskaya_spe', 'altai_spe', 'vindija_mse', 'chagyrskaya_mse', 'altai_mse']
chr13	108003328	['vindija_spe', 'chagyrskaya_spe', 'altai_spe', 'vindija_mse', 'chagyrskaya_mse', 'altai_mse']
chr14	24641536	['chagyrskaya_spe', 'chagyrskaya_mse']
chr14	39845888	['vindija_spe', 'chagyrskaya_spe', 'altai_spe']
chr14	40370176	['vindija_spe', 'chagyrskaya_spe', 'altai_spe', 'vindija_mse', 'chagyrskaya_mse', 'altai_mse']
chr14	44564480	['denisova_mse']
chr14	45088768	['denisova_spe', 'denisova_mse']
chr14	45613056	['vindija_spe', 'altai_spe', 'denisova_spe', 'vindija_mse', 'denisova_mse']
chr14	46137344	['denisova_spe']
chr14	47185920	['denisova_spe']
chr14	59768832	['altai_spe', 'altai_mse']
chr14	60817408	['vindija_mse']
chr14	67633152	['vindija_mse', 'chagyrskaya_mse', 'altai_mse']
chr14	69206016	['vindija_spe', 'chagyrskaya_spe', 'altai_spe', 'vindija_mse', 'chagyrskaya_mse', 'altai_mse']
chr14	69730304	['vindija_mse', 'altai_mse']
chr14	72876032	['altai_spe', 'altai_mse']
chr14	78643200	['chagyrskaya_spe', 'chagyrskaya_mse']
chr14	79167488	['chagyrskaya_mse']
chr14	80740352	['denisova_spe', 'denisova_mse']
chr14	81264640	['denisova_mse']
chr14	87031808	['denisova_spe', 'denisova_mse']
chr14	91750400	['chagyrskaya_mse']
chr15	25690112	['vindija_spe', 'denisova_spe']
chr15	32505856	['denisova_mse']
chr15	33030144	['denisova_mse']
chr15	39845888	['denisova_mse']
chr15	42991616	['denisova_spe', 'denisova_mse']
chr15	43515904	['denisova_spe', 'denisova_mse']
chr15	45088768	['denisova_mse']
chr15	45613056	['denisova_mse']
chr15	60817408	['vindija_spe', 'chagyrskaya_spe', 'altai_spe', 'vindija_mse', 'chagyrskaya_mse', 'altai_mse']
chr15	63963136	['denisova_mse']
chr15	64487424	['denisova_mse']
chr15	75497472	['denisova_mse']
chr15	76021760	['denisova_spe', 'denisova_mse']
chr15	78643200	['chagyrskaya_spe', 'chagyrskaya_mse']
chr15	79167488	['altai_mse']
chr15	94371840	['chagyrskaya_spe', 'chagyrskaya_mse']
chr15	94896128	['chagyrskaya_spe', 'chagyrskaya_mse']
chr16	1572864	['chagyrskaya_spe', 'chagyrskaya_mse']
chr16	2097152	['vindija_spe', 'chagyrskaya_spe', 'altai_spe', 'denisova_spe', 'vindija_mse', 'chagyrskaya_mse', 'altai_mse', 'denisova_mse']
chr16	2621440	['chagyrskaya_spe', 'vindija_mse', 'chagyrskaya_mse', 'altai_mse', 'denisova_mse']
chr16	23592960	['chagyrskaya_spe', 'chagyrskaya_mse']
chr16	27787264	['vindija_spe', 'chagyrskaya_spe', 'altai_spe', 'vindija_mse', 'chagyrskaya_mse', 'altai_mse']
chr16	49283072	['denisova_mse']
chr16	49807360	['denisova_spe', 'denisova_mse']
chr16	50331648	['vindija_spe']
chr16	50855936	['vindija_spe']
chr16	54525952	['denisova_spe', 'denisova_mse']
chr16	55050240	['denisova_spe', 'denisova_mse']
chr16	55574528	['denisova_spe', 'denisova_mse']
chr16	65536000	['vindija_spe', 'vindija_mse']
chr16	66060288	['vindija_mse']
chr16	87031808	['vindija_spe', 'chagyrskaya_spe', 'altai_spe', 'vindija_mse', 'chagyrskaya_mse', 'altai_mse']
chr17	2621440	['denisova_mse']
chr17	7864320	['vindija_mse', 'chagyrskaya_mse', 'altai_mse']
chr17	9961472	['denisova_spe', 'denisova_mse']
chr17	10485760	['denisova_spe', 'denisova_mse']
chr17	12058624	['vindija_spe', 'chagyrskaya_spe', 'altai_spe', 'denisova_spe', 'vindija_mse', 'chagyrskaya_mse', 'altai_mse', 'denisova_mse']
chr17	12582912	['denisova_spe', 'vindija_mse', 'chagyrskaya_mse', 'altai_mse', 'denisova_mse']
chr17	29884416	['vindija_spe', 'vindija_mse']
chr17	35127296	['denisova_spe', 'denisova_mse']
chr17	40894464	['vindija_mse']
chr17	41418752	['vindija_spe']
chr17	42467328	['chagyrskaya_mse']
chr17	42991616	['vindija_mse', 'chagyrskaya_mse', 'altai_mse']
chr17	58195968	['chagyrskaya_spe', 'vindija_mse', 'chagyrskaya_mse']
chr17	58720256	['vindija_spe', 'chagyrskaya_spe', 'vindija_mse', 'chagyrskaya_mse', 'altai_mse', 'denisova_mse']
chr18	1572864	['vindija_spe']
chr18	4194304	['vindija_spe', 'chagyrskaya_spe', 'altai_spe']
chr18	24117248	['chagyrskaya_spe', 'altai_spe']
chr18	47185920	['denisova_mse']
chr18	47710208	['denisova_mse']
chr18	48758784	['vindija_spe', 'chagyrskaya_spe', 'altai_spe', 'vindija_mse', 'chagyrskaya_mse', 'altai_mse']
chr18	50855936	['vindija_spe', 'chagyrskaya_spe', 'altai_spe', 'vindija_mse', 'chagyrskaya_mse', 'altai_mse']
chr18	70778880	['vindija_spe', 'chagyrskaya_spe', 'altai_spe', 'denisova_spe', 'vindija_mse', 'chagyrskaya_mse', 'altai_mse', 'denisova_mse']
chr18	72876032	['denisova_spe']
chr19	4718592	['vindija_spe', 'chagyrskaya_spe', 'altai_spe', 'vindija_mse', 'chagyrskaya_mse', 'altai_mse']
chr19	5242880	['denisova_spe', 'denisova_mse']
chr19	5767168	['denisova_spe', 'denisova_mse']
chr19	22544384	['denisova_spe']
chr19	31981568	['vindija_spe']
chr19	32505856	['vindija_spe', 'chagyrskaya_spe', 'altai_spe', 'vindija_mse', 'chagyrskaya_mse', 'altai_mse']
chr19	47185920	['chagyrskaya_mse']
chr19	48234496	['vindija_mse']
chr19	48758784	['vindija_mse']
chr19	49807360	['vindija_spe', 'chagyrskaya_spe', 'altai_spe', 'vindija_mse', 'altai_mse']
chr19	50331648	['vindija_spe', 'chagyrskaya_spe', 'altai_spe', 'vindija_mse', 'chagyrskaya_mse', 'altai_mse']
chr2	1572864	['chagyrskaya_spe', 'chagyrskaya_mse']
chr2	2097152	['chagyrskaya_spe', 'altai_spe']
chr2	7340032	['vindija_spe', 'chagyrskaya_spe', 'altai_spe', 'vindija_mse', 'chagyrskaya_mse', 'altai_mse']
chr2	12058624	['vindija_spe', 'chagyrskaya_spe']
chr2	21495808	['vindija_spe', 'chagyrskaya_spe', 'altai_spe', 'denisova_spe']
chr2	22544384	['denisova_spe', 'denisova_mse']
chr2	24641536	['vindija_spe', 'chagyrskaya_spe', 'vindija_mse', 'chagyrskaya_mse']
chr2	25690112	['altai_spe', 'altai_mse']
chr2	26214400	['altai_spe', 'altai_mse']
chr2	29360128	['vindija_spe']
chr2	40370176	['vindija_spe', 'chagyrskaya_spe', 'altai_spe', 'denisova_spe', 'vindija_mse', 'chagyrskaya_mse', 'altai_mse', 'denisova_mse']
chr2	40894464	['denisova_spe', 'vindija_mse', 'chagyrskaya_mse', 'altai_mse', 'denisova_mse']
chr2	45613056	['vindija_spe', 'vindija_mse']
chr2	46137344	['vindija_spe', 'vindija_mse', 'denisova_mse']
chr2	49283072	['denisova_spe']
chr2	54525952	['altai_spe', 'altai_mse']
chr2	60817408	['denisova_spe', 'denisova_mse']
chr2	62914560	['vindija_spe', 'chagyrskaya_spe', 'altai_spe', 'denisova_spe']
chr2	65011712	['vindija_mse', 'chagyrskaya_mse', 'altai_mse']
chr2	67108864	['denisova_spe']
chr2	72351744	['vindija_mse', 'chagyrskaya_mse', 'altai_mse']
chr2	75497472	['vindija_spe', 'chagyrskaya_spe', 'altai_spe']
chr2	76021760	['vindija_spe', 'chagyrskaya_spe', 'altai_spe']
chr2	101711872	['chagyrskaya_mse']
chr2	120061952	['denisova_mse']
chr2	134217728	['denisova_mse']
chr2	135790592	['denisova_spe', 'denisova_mse']
chr2	136314880	['denisova_spe', 'denisova_mse']
chr2	139460608	['vindija_spe', 'chagyrskaya_spe', 'altai_spe', 'denisova_spe']
chr2	139984896	['denisova_spe']
chr2	140509184	['denisova_spe']
chr2	148373504	['chagyrskaya_spe', 'chagyrskaya_mse']
chr2	193462272	['chagyrskaya_spe', 'altai_spe', 'denisova_spe', 'chagyrskaya_mse', 'altai_mse', 'denisova_mse']
chr2	193986560	['chagyrskaya_spe', 'altai_spe', 'denisova_spe']
chr2	195559424	['denisova_spe']
chr2	196083712	['denisova_spe', 'denisova_mse']
chr2	198180864	['denisova_spe', 'denisova_mse']
chr2	204472320	['vindija_spe', 'altai_spe', 'vindija_mse', 'altai_mse']
chr2	209190912	['vindija_spe', 'chagyrskaya_spe', 'altai_spe', 'vindija_mse', 'chagyrskaya_mse', 'altai_mse']
chr2	209715200	['vindija_spe', 'chagyrskaya_spe', 'altai_spe', 'vindija_mse', 'chagyrskaya_mse', 'altai_mse']
chr2	218103808	['vindija_spe', 'chagyrskaya_spe', 'altai_spe', 'denisova_spe', 'vindija_mse', 'chagyrskaya_mse', 'altai_mse', 'denisova_mse']
chr2	218628096	['denisova_spe', 'vindija_mse', 'chagyrskaya_mse', 'altai_mse', 'denisova_mse']
chr2	220200960	['vindija_spe', 'chagyrskaya_spe', 'vindija_mse', 'chagyrskaya_mse']
chr2	220725248	['vindija_spe', 'chagyrskaya_spe', 'vindija_mse']
chr2	223870976	['denisova_spe', 'denisova_mse']
chr2	224395264	['denisova_spe', 'denisova_mse']
chr20	6291456	['denisova_spe', 'denisova_mse']
chr20	30408704	['vindija_spe', 'chagyrskaya_spe', 'altai_spe', 'vindija_mse', 'chagyrskaya_mse', 'altai_mse']
chr20	37748736	['denisova_spe']
chr20	38273024	['denisova_spe']
chr20	39321600	['vindija_spe', 'chagyrskaya_spe', 'altai_spe', 'vindija_mse', 'chagyrskaya_mse', 'altai_mse']
chr20	39845888	['vindija_spe', 'chagyrskaya_spe', 'altai_spe', 'vindija_mse', 'chagyrskaya_mse', 'altai_mse']
chr20	42991616	['denisova_spe', 'denisova_mse']
chr20	57671680	['vindija_spe', 'chagyrskaya_spe', 'altai_spe', 'denisova_spe', 'vindija_mse', 'chagyrskaya_mse', 'altai_mse', 'denisova_mse']
chr20	58195968	['vindija_spe', 'chagyrskaya_spe', 'altai_spe', 'vindija_mse', 'chagyrskaya_mse', 'altai_mse']
chr21	24641536	['vindija_spe', 'altai_spe', 'vindija_mse', 'altai_mse']
chr21	25165824	['vindija_spe', 'chagyrskaya_spe', 'altai_spe']
chr21	25690112	['vindija_spe', 'chagyrskaya_spe', 'altai_spe', 'altai_mse']
chr21	28835840	['chagyrskaya_spe', 'chagyrskaya_mse']
chr21	45088768	['denisova_spe', 'denisova_mse']
chr21	46137344	['altai_spe', 'vindija_mse', 'altai_mse']
chr21	46661632	['vindija_spe', 'altai_spe', 'vindija_mse', 'altai_mse']
chr22	29360128	['denisova_spe', 'denisova_mse']
chr22	29884416	['denisova_spe', 'denisova_mse']
chr22	31457280	['vindija_spe', 'chagyrskaya_spe', 'altai_spe', 'vindija_mse', 'chagyrskaya_mse', 'altai_mse']
chr22	36700160	['vindija_spe', 'chagyrskaya_spe', 'altai_spe', 'vindija_mse', 'chagyrskaya_mse', 'altai_mse']
chr22	37224448	['vindija_spe', 'chagyrskaya_spe', 'altai_spe', 'vindija_mse', 'chagyrskaya_mse', 'altai_mse']
chr3	5242880	['denisova_spe']
chr3	16252928	['vindija_spe', 'vindija_mse']
chr3	16777216	['vindija_spe', 'vindija_mse']
chr3	22020096	['altai_spe', 'altai_mse']
chr3	25690112	['chagyrskaya_spe']
chr3	26214400	['chagyrskaya_spe']
chr3	41418752	['vindija_mse']
chr3	44040192	['altai_mse']
chr3	51904512	['altai_spe', 'altai_mse']
chr3	70778880	['denisova_spe', 'denisova_mse']
chr3	72351744	['denisova_spe', 'denisova_mse']
chr3	72876032	['denisova_spe', 'denisova_mse']
chr3	79167488	['chagyrskaya_spe', 'chagyrskaya_mse']
chr3	79691776	['vindija_spe', 'chagyrskaya_spe', 'chagyrskaya_mse']
chr3	81264640	['vindija_spe', 'chagyrskaya_spe', 'vindija_mse', 'chagyrskaya_mse']
chr3	81788928	['vindija_spe', 'chagyrskaya_spe', 'vindija_mse', 'chagyrskaya_mse']
chr3	99614720	['denisova_spe', 'denisova_mse']
chr3	106954752	['vindija_spe', 'chagyrskaya_spe', 'altai_spe', 'vindija_mse', 'chagyrskaya_mse', 'altai_mse']
chr3	119013376	['altai_spe', 'altai_mse']
chr3	120061952	['vindija_spe', 'chagyrskaya_spe', 'altai_spe', 'vindija_mse', 'chagyrskaya_mse', 'altai_mse']
chr3	121110528	['denisova_spe', 'denisova_mse']
chr3	135266304	['denisova_spe', 'denisova_mse']
chr3	135790592	['denisova_spe', 'denisova_mse']
chr3	138936320	['vindija_spe', 'chagyrskaya_spe', 'altai_spe', 'vindija_mse', 'chagyrskaya_mse', 'altai_mse']
chr3	140509184	['chagyrskaya_spe', 'chagyrskaya_mse']
chr3	141033472	['chagyrskaya_spe', 'chagyrskaya_mse']
chr3	141557760	['denisova_spe', 'denisova_mse']
chr3	142082048	['denisova_spe', 'denisova_mse']
chr3	169869312	['denisova_spe', 'denisova_mse']
chr3	170393600	['denisova_spe', 'denisova_mse']
chr3	179306496	['altai_spe']
chr3	181927936	['denisova_spe', 'denisova_mse']
chr3	182452224	['denisova_spe', 'denisova_mse']
chr3	185597952	['altai_mse']
chr3	186122240	['altai_mse']
chr3	189267968	['vindija_spe', 'chagyrskaya_spe', 'altai_spe', 'denisova_spe', 'vindija_mse', 'chagyrskaya_mse', 'altai_mse', 'denisova_mse']
chr3	189792256	['vindija_spe', 'chagyrskaya_spe', 'altai_spe', 'denisova_spe', 'vindija_mse', 'chagyrskaya_mse', 'altai_mse', 'denisova_mse']
chr4	5767168	['denisova_mse']
chr4	11010048	['denisova_mse']
chr4	11534336	['denisova_mse']
chr4	12058624	['vindija_spe', 'altai_spe', 'denisova_spe', 'vindija_mse', 'altai_mse', 'denisova_mse']
chr4	14155776	['denisova_spe']
chr4	22544384	['denisova_spe']
chr4	25165824	['chagyrskaya_mse']
chr4	33554432	['altai_spe']
chr4	34078720	['altai_spe']
chr4	40370176	['denisova_mse']
chr4	40894464	['denisova_mse']
chr4	42991616	['vindija_spe', 'chagyrskaya_spe', 'altai_spe']
chr4	62914560	['denisova_spe']
chr4	83886080	['vindija_spe', 'vindija_mse']
chr4	84410368	['vindija_spe', 'vindija_mse']
chr4	99614720	['vindija_mse']
chr4	102236160	['denisova_spe']
chr4	102760448	['denisova_spe', 'denisova_mse']
chr4	117964800	['vindija_spe', 'chagyrskaya_spe', 'altai_spe', 'denisova_spe', 'vindija_mse', 'chagyrskaya_mse', 'altai_mse', 'denisova_mse']
chr4	118489088	['vindija_spe', 'chagyrskaya_spe', 'altai_spe', 'denisova_spe', 'vindija_mse', 'chagyrskaya_mse', 'altai_mse', 'denisova_mse']
chr4	119013376	['vindija_mse']
chr4	125304832	['vindija_spe', 'chagyrskaya_spe', 'altai_spe', 'vindija_mse', 'chagyrskaya_mse', 'altai_mse']
chr4	130547712	['denisova_spe', 'denisova_mse']
chr4	131072000	['denisova_spe', 'denisova_mse']
chr4	136839168	['vindija_spe', 'chagyrskaya_spe', 'altai_spe', 'chagyrskaya_mse']
chr4	137363456	['chagyrskaya_spe']
chr4	154140672	['chagyrskaya_spe', 'chagyrskaya_mse']
chr4	154664960	['chagyrskaya_spe', 'chagyrskaya_mse']
chr4	162529280	['vindija_spe']
chr4	165675008	['vindija_spe', 'chagyrskaya_spe', 'altai_spe', 'vindija_mse', 'chagyrskaya_mse', 'altai_mse']
chr4	166199296	['vindija_spe', 'chagyrskaya_spe', 'altai_spe', 'vindija_mse', 'chagyrskaya_mse', 'altai_mse']
chr4	172490752	['denisova_spe']
chr4	173015040	['vindija_spe', 'chagyrskaya_spe', 'altai_spe', 'denisova_spe', 'vindija_mse', 'chagyrskaya_mse', 'altai_mse', 'denisova_mse']
chr4	176160768	['denisova_mse']
chr4	177209344	['vindija_spe', 'chagyrskaya_spe', 'vindija_mse', 'chagyrskaya_mse']
chr4	179306496	['vindija_spe', 'chagyrskaya_spe', 'altai_spe', 'denisova_spe']
chr5	1572864	['vindija_spe', 'chagyrskaya_spe', 'altai_spe']
chr5	2097152	['vindija_spe', 'chagyrskaya_spe', 'altai_spe', 'chagyrskaya_mse']
chr5	2621440	['vindija_spe', 'chagyrskaya_spe', 'altai_spe']
chr5	4194304	['vindija_spe', 'chagyrskaya_spe', 'vindija_mse', 'chagyrskaya_mse']
chr5	4718592	['vindija_spe', 'chagyrskaya_spe', 'vindija_mse', 'chagyrskaya_mse']
chr5	16252928	['vindija_mse', 'chagyrskaya_mse', 'altai_mse']
chr5	19398656	['chagyrskaya_mse']
chr5	19922944	['chagyrskaya_spe', 'chagyrskaya_mse']
chr5	20447232	['vindija_spe', 'chagyrskaya_spe', 'altai_spe', 'vindija_mse', 'chagyrskaya_mse', 'altai_mse']
chr5	22544384	['altai_spe']
chr5	23592960	['vindija_spe', 'chagyrskaya_spe', 'altai_spe', 'vindija_mse', 'chagyrskaya_mse', 'altai_mse']
chr5	24117248	['vindija_spe', 'chagyrskaya_spe', 'altai_spe', 'vindija_mse', 'chagyrskaya_mse', 'altai_mse']
chr5	24641536	['vindija_spe', 'chagyrskaya_spe']
chr5	35651584	['vindija_spe', 'chagyrskaya_spe', 'altai_spe', 'vindija_mse', 'chagyrskaya_mse']
chr5	36175872	['chagyrskaya_spe', 'vindija_mse', 'chagyrskaya_mse', 'altai_mse']
chr5	56623104	['denisova_spe']
chr5	59768832	['denisova_mse']
chr5	60293120	['denisova_spe', 'denisova_mse']
chr5	73400320	['altai_spe', 'altai_mse']
chr5	79691776	['vindija_spe', 'chagyrskaya_spe', 'vindija_mse', 'chagyrskaya_mse', 'altai_mse']
chr5	80216064	['vindija_mse', 'chagyrskaya_mse', 'altai_mse']
chr5	83886080	['vindija_spe', 'chagyrskaya_spe', 'altai_spe']
chr5	93323264	['vindija_spe', 'chagyrskaya_spe', 'altai_spe', 'denisova_spe']
chr5	93847552	['denisova_spe']
chr5	94896128	['denisova_spe', 'denisova_mse']
chr5	95420416	['denisova_spe', 'denisova_mse']
chr5	101711872	['vindija_spe', 'chagyrskaya_spe', 'altai_spe', 'vindija_mse', 'chagyrskaya_mse', 'altai_mse']
chr5	102236160	['vindija_spe', 'chagyrskaya_spe', 'altai_spe', 'vindija_mse', 'chagyrskaya_mse', 'altai_mse']
chr5	103284736	['vindija_spe', 'chagyrskaya_spe', 'altai_spe']
chr5	103809024	['vindija_spe', 'chagyrskaya_spe', 'altai_spe']
chr5	106430464	['vindija_spe', 'chagyrskaya_spe', 'altai_spe', 'vindija_mse', 'chagyrskaya_mse', 'altai_mse']
chr5	122159104	['denisova_mse']
chr5	122683392	['denisova_mse']
chr5	124780544	['denisova_spe']
chr5	127401984	['altai_mse']
chr5	129499136	['denisova_spe', 'denisova_mse']
chr5	130023424	['denisova_spe', 'denisova_mse']
chr5	136314880	['denisova_spe', 'denisova_mse']
chr5	138936320	['vindija_mse', 'chagyrskaya_mse', 'altai_mse']
chr5	141557760	['vindija_mse']
chr5	148897792	['chagyrskaya_mse']
chr5	178257920	['denisova_spe', 'denisova_mse']
chr6	18874368	['vindija_spe', 'chagyrskaya_spe', 'altai_spe']
chr6	27787264	['vindija_spe', 'chagyrskaya_spe', 'vindija_mse', 'chagyrskaya_mse']
chr6	28311552	['vindija_spe', 'chagyrskaya_spe', 'vindija_mse', 'chagyrskaya_mse']
chr6	41418752	['vindija_spe', 'chagyrskaya_spe', 'altai_spe', 'vindija_mse', 'chagyrskaya_mse', 'altai_mse']
chr6	45088768	['denisova_spe']
chr6	47710208	['vindija_spe']
chr6	48234496	['vindija_spe']
chr6	51380224	['denisova_spe', 'denisova_mse']
chr6	51904512	['denisova_spe', 'denisova_mse']
chr6	52428800	['vindija_mse']
chr6	56623104	['vindija_spe', 'chagyrskaya_spe', 'altai_spe', 'vindija_mse', 'chagyrskaya_mse', 'altai_mse']
chr6	65011712	['vindija_spe', 'chagyrskaya_spe', 'altai_spe', 'denisova_spe']
chr6	65536000	['vindija_spe', 'chagyrskaya_spe', 'altai_spe', 'denisova_spe']
chr6	69206016	['vindija_spe', 'altai_spe', 'vindija_mse', 'altai_mse']
chr6	74973184	['denisova_spe', 'denisova_mse']
chr6	75497472	['denisova_spe', 'denisova_mse']
chr6	99614720	['vindija_spe', 'chagyrskaya_spe', 'altai_spe', 'vindija_mse', 'chagyrskaya_mse', 'altai_mse']
chr6	100139008	['vindija_mse', 'chagyrskaya_mse', 'altai_mse']
chr6	108003328	['vindija_mse', 'chagyrskaya_mse', 'altai_mse']
chr6	108527616	['vindija_spe', 'chagyrskaya_spe', 'altai_spe', 'vindija_mse', 'chagyrskaya_mse', 'altai_mse']
chr6	116916224	['denisova_spe', 'denisova_mse']
chr6	117440512	['denisova_mse']
chr6	119537664	['vindija_spe', 'chagyrskaya_spe', 'altai_spe']
chr6	123207680	['denisova_spe', 'denisova_mse']
chr6	123731968	['denisova_spe', 'denisova_mse']
chr6	128974848	['chagyrskaya_spe', 'chagyrskaya_mse']
chr6	129499136	['chagyrskaya_spe', 'chagyrskaya_mse']
chr6	132644864	['vindija_spe', 'chagyrskaya_spe', 'altai_spe', 'vindija_mse', 'chagyrskaya_mse', 'altai_mse']
chr6	138936320	['vindija_spe', 'vindija_mse']
chr6	150470656	['chagyrskaya_spe', 'vindija_mse', 'chagyrskaya_mse']
chr6	150994944	['vindija_mse', 'chagyrskaya_mse']
chr6	159907840	['denisova_mse']
chr6	166723584	['altai_spe', 'altai_mse']
chr7	3145728	['vindija_spe', 'chagyrskaya_spe', 'altai_spe', 'vindija_mse', 'chagyrskaya_mse', 'altai_mse']
chr7	3670016	['vindija_spe', 'chagyrskaya_spe', 'altai_spe', 'vindija_mse', 'chagyrskaya_mse', 'altai_mse']
chr7	8388608	['denisova_spe', 'denisova_mse']
chr7	8912896	['denisova_spe', 'denisova_mse']
chr7	16252928	['vindija_spe', 'chagyrskaya_spe', 'altai_spe', 'vindija_mse', 'chagyrskaya_mse', 'altai_mse']
chr7	16777216	['vindija_mse', 'chagyrskaya_mse', 'altai_mse']
chr7	22544384	['vindija_spe', 'chagyrskaya_spe', 'altai_spe', 'denisova_spe', 'vindija_mse', 'chagyrskaya_mse', 'altai_mse', 'denisova_mse']
chr7	23068672	['vindija_spe', 'chagyrskaya_spe', 'altai_spe', 'denisova_spe', 'vindija_mse', 'chagyrskaya_mse', 'altai_mse', 'denisova_mse']
chr7	25690112	['denisova_mse']
chr7	35651584	['denisova_mse']
chr7	39845888	['denisova_spe', 'denisova_mse']
chr7	40370176	['altai_spe', 'denisova_spe', 'altai_mse', 'denisova_mse']
chr7	40894464	['altai_spe', 'altai_mse']
chr7	43515904	['altai_mse']
chr7	45613056	['vindija_spe', 'chagyrskaya_spe', 'altai_spe', 'vindija_mse', 'chagyrskaya_mse', 'altai_mse']
chr7	46137344	['denisova_spe']
chr7	54001664	['denisova_spe', 'denisova_mse']
chr7	54525952	['denisova_spe', 'denisova_mse']
chr7	62390272	['vindija_spe', 'altai_spe', 'denisova_spe', 'vindija_mse', 'altai_mse', 'denisova_mse']
chr7	68681728	['vindija_spe']
chr7	84934656	['denisova_mse']
chr7	86507520	['denisova_spe', 'denisova_mse']
chr7	87031808	['denisova_spe', 'denisova_mse']
chr7	90177536	['vindija_mse', 'chagyrskaya_mse']
chr7	91750400	['chagyrskaya_mse', 'altai_mse']
chr7	96468992	['altai_spe', 'altai_mse']
chr7	96993280	['altai_spe', 'altai_mse']
chr7	103809024	['denisova_spe', 'denisova_mse']
chr7	104333312	['chagyrskaya_mse']
chr7	104857600	['chagyrskaya_mse']
chr7	109576192	['denisova_spe']
chr7	120586240	['altai_spe', 'altai_mse']
chr7	130547712	['denisova_mse']
chr7	131596288	['vindija_spe', 'chagyrskaya_spe', 'altai_spe']
chr7	135790592	['denisova_spe', 'denisova_mse']
chr7	152043520	['denisova_spe', 'denisova_mse']
chr7	152567808	['denisova_spe', 'denisova_mse']
chr7	157810688	['vindija_spe', 'chagyrskaya_spe', 'altai_spe', 'vindija_mse', 'chagyrskaya_mse', 'altai_mse']
chr8	20447232	['denisova_spe']
chr8	35127296	['altai_spe']
chr8	49807360	['vindija_spe', 'chagyrskaya_spe', 'altai_spe', 'vindija_mse', 'chagyrskaya_mse', 'altai_mse']
chr8	54525952	['denisova_spe', 'denisova_mse']
chr8	55050240	['denisova_mse']
chr8	56623104	['vindija_mse']
chr8	61865984	['vindija_spe', 'vindija_mse']
chr8	62390272	['denisova_spe', 'denisova_mse']
chr8	62914560	['denisova_spe']
chr8	72351744	['denisova_spe', 'denisova_mse']
chr8	72876032	['denisova_mse']
chr8	80740352	['denisova_spe', 'denisova_mse']
chr8	81264640	['denisova_spe', 'denisova_mse']
chr8	89653248	['denisova_spe']
chr8	97517568	['vindija_spe', 'chagyrskaya_spe', 'altai_spe']
chr8	99614720	['vindija_spe', 'chagyrskaya_spe', 'altai_spe', 'vindija_mse', 'chagyrskaya_mse', 'altai_mse']
chr8	100139008	['vindija_spe', 'chagyrskaya_spe', 'vindija_mse', 'chagyrskaya_mse']
chr8	102236160	['denisova_spe']
chr8	102760448	['denisova_mse']
chr8	104333312	['denisova_spe', 'denisova_mse']
chr8	104857600	['denisova_spe', 'denisova_mse']
chr8	119013376	['vindija_spe', 'chagyrskaya_spe', 'altai_spe', 'vindija_mse', 'chagyrskaya_mse', 'altai_mse']
chr8	123731968	['vindija_spe', 'vindija_mse']
chr8	143130624	['chagyrskaya_spe', 'chagyrskaya_mse']
chr9	4194304	['denisova_spe', 'denisova_mse']
chr9	4718592	['denisova_spe', 'denisova_mse']
chr9	11534336	['chagyrskaya_spe']
chr9	23068672	['altai_spe']
chr9	26738688	['denisova_spe', 'denisova_mse']
chr9	27262976	['vindija_spe', 'vindija_mse']
chr9	29884416	['altai_spe']
chr9	31981568	['vindija_mse']
chr9	35651584	['vindija_spe', 'vindija_mse', 'chagyrskaya_mse']
chr9	73924608	['vindija_spe', 'chagyrskaya_spe']
chr9	83361792	['denisova_spe', 'denisova_mse']
chr9	83886080	['denisova_spe', 'denisova_mse']
chr9	109051904	['denisova_spe']
chr9	130547712	['altai_spe', 'altai_mse']
chr9	139460608	['denisova_mse']
chrX	5767168	['denisova_spe']
chrX	6291456	['denisova_spe']
chrX	7864320	['denisova_spe']
chrX	8912896	['altai_spe']
chrX	9437184	['denisova_mse']
chrX	11010048	['vindija_spe', 'chagyrskaya_spe', 'altai_spe', 'denisova_spe', 'vindija_mse', 'chagyrskaya_mse', 'altai_mse', 'denisova_mse']
chrX	11534336	['vindija_spe', 'chagyrskaya_spe', 'altai_spe', 'denisova_spe', 'vindija_mse', 'chagyrskaya_mse', 'altai_mse', 'denisova_mse']
chrX	23068672	['denisova_mse']
chrX	23592960	['denisova_mse']
chrX	29360128	['vindija_spe', 'chagyrskaya_spe', 'altai_spe']
chrX	31981568	['chagyrskaya_spe', 'denisova_spe']
chrX	47185920	['vindija_spe', 'chagyrskaya_spe', 'altai_spe', 'denisova_spe', 'vindija_mse', 'chagyrskaya_mse', 'altai_mse', 'denisova_mse']
chrX	47710208	['denisova_mse']
chrX	71827456	['vindija_spe', 'chagyrskaya_spe']
chrX	72351744	['vindija_spe', 'chagyrskaya_spe']
chrX	72876032	['altai_spe', 'altai_mse']
chrX	73400320	['altai_mse']
chrX	73924608	['vindija_spe', 'chagyrskaya_spe', 'denisova_spe']
chrX	74448896	['denisova_spe']
chrX	95420416	['denisova_spe', 'denisova_mse']
chrX	95944704	['denisova_spe', 'denisova_mse']
chrX	115867648	['denisova_spe', 'denisova_mse']
chrX	116391936	['denisova_spe']
